날짜,시간,파일명,디렉토리
2026-03-12,17:52,2563.py,sejong
2026-03-12,13:33,2441.py,sejong
2026-03-12,13:31,2440.py,sejong
2026-03-11,22:49,10807.py,sejong
2026-03-11,14:50,2566.py,sejong/2026-03-11
2026-03-11,14:28,2738.py,sejong/2026-03-11
2026-03-11,11:59,2439.py,sejong/2026-03-11
2026-03-11,11:18,2438.py,sejong/2026-03-11
2026-03-11,11:09,1330.py,sejong/2026-03-11
2026-03-11,11:07,4101.py,sejong/2026-03-11
2026-03-11,10:29,1292.py,sejong/2026-03-11
2026-03-11,10:03,11023.py,sejong/2026-03-11
2026-03-11,09:59,108071.py,sejong/2026-03-11
2026-03-11,09:48,10807.py,sejong/2026-03-11
